Date,Adj Close,Close,High,Low,Open,Volume
1/4/2021,317.8999939,317.8999939,340,316.4599915,339.980011,4919700
1/5/2021,335.1799927,335.1799927,335.3800049,320.5,320.7999878,4506500
1/6/2021,342.9500122,342.9500122,347.95401,320.2099915,325.0400085,7546900
1/7/2021,379.2900085,379.2900085,379.3900146,352,352.0100098,8091000
1/8/2021,399.1300049,399.1300049,402.8500061,387.1749878,391.3500061,8410800
1/11/2021,403.1300049,403.1300049,416.2200012,390.0299988,390.2999878,5850700
1/12/2021,415.2900085,415.2900085,419.75,405.5599976,407.8999939,4756200
1/13/2021,408.6000061,408.6000061,423,404.5029907,419.2999878,4036900
1/14/2021,418.4599915,418.4599915,422.519989,410.1090088,410.8099976,3416900
1/15/2021,408.2999878,408.2999878,425.9899902,407.0899963,418,3365900
1/19/2021,434.1400146,434.1400146,438.3599854,420.0920105,420.730011,6043300
1/20/2021,428.5,428.5,448.1700134,425.605011,442.8200073,4353000
1/21/2021,423.6400146,423.6400146,431,418.8859863,429.3099976,3272700
1/22/2021,422.8500061,422.8500061,429.8900146,418.3299866,422,2989800
1/25/2021,426.6400146,426.6400146,443.8500061,415.0100098,430.8900146,4770300
1/26/2021,403.3999939,403.3999939,429.3900146,400.3099976,424.980011,4229800
1/27/2021,402.2600098,402.2600098,420,383.6000061,394.9500122,5698400
1/28/2021,404.0100098,404.0100098,409.1140137,392.1839905,409.1000061,3558800
1/29/2021,389.0299988,389.0299988,406.5899963,384.0299988,400.2000122,3853200
2/1/2021,416.2000122,416.2000122,416.3399963,393.1900024,395.3299866,3774500
2/2/2021,418.75,418.75,420.5700073,409,420,2750400
2/3/2021,425.0700073,425.0700073,432.6099854,421.875,422.4949951,2400500
2/4/2021,432.6799927,432.6799927,432.75,420.9960022,427.8900146,1887300
2/5/2021,439.8900146,439.8900146,443.2000122,430.9119873,435.2099915,2646200
2/8/2021,434.6300049,434.6300049,449.1950073,431.8200073,444.019989,3050700
2/9/2021,467.2999878,467.2999878,484.8500061,433.5299988,436.4599915,8053700
2/10/2021,469.6900024,469.6900024,478.6499939,449.4200134,469.2200012,4002500
2/11/2021,465.6900024,465.6900024,479.9500122,462.9549866,474.3900146,2797000
2/12/2021,468.6700134,468.6700134,470.3500061,457.0599976,463.8500061,2115700
2/16/2021,469.7000122,469.7000122,486.7200012,466.2799988,476.9899902,3726500
2/17/2021,456.9700012,456.9700012,457.25,436,456.2200012,3912000
2/18/2021,452.9899902,452.9899902,462.5,441.769989,448.5,4890400
2/19/2021,467.3099976,467.3099976,472.8259888,442.769989,462.0299988,7685500
2/22/2021,437.2799988,437.2799988,483.7000122,434.0100098,458.7749939,7795600
2/23/2021,415.8699951,415.8699951,424.3999939,381.0299988,413.0100098,7254000
2/24/2021,413.7900085,413.7900085,419.9989929,400,410,3667300
2/25/2021,382.3399963,382.3399963,418.9419861,378,406.2399902,5348600
2/26/2021,395.480011,395.480011,401.8789978,380.6600037,391.3999939,4452800
3/1/2021,420.3099976,420.3099976,420.5,397.2000122,407.0799866,3818100
3/2/2021,389.6700134,389.6700134,429.4400024,388.7000122,425.980011,6013400
3/3/2021,369.5,369.5,402.980011,367.8999939,395.0100098,7048900
3/4/2021,359.9500122,359.9500122,375.5610046,345.5400085,366,7879900
3/5/2021,353.5400085,353.5400085,361.9100037,322.4299927,358.5,7957500
3/8/2021,327.1900024,327.1900024,356.9899902,325,347.5299988,5336900
3/9/2021,361.1099854,361.1099854,362.8599854,340.4100037,348.5020142,5158300
3/10/2021,356.5400085,356.5400085,376.2799988,352.9599915,369.0799866,4098200
3/11/2021,363.3399963,363.3399963,370,358.9400024,370,3578800
3/12/2021,359.9599915,359.9599915,361.480011,346.1400146,350.1400146,2720100
3/15/2021,362.9200134,362.9200134,363.4500122,354.0599976,358.980011,2361600
3/16/2021,353.5799866,353.5799866,369.6000061,348.5299988,364.5,3192100
3/17/2021,368.7099915,368.7099915,370.9899902,341.2900085,346.25,3370500
3/18/2021,341.9500122,341.9500122,361.3500061,341.3800049,359.0299988,3361100
3/19/2021,347.5100098,347.5100098,350.5499878,334.0400085,342.6000061,3549500
3/22/2021,356.3200073,356.3200073,361.3299866,350.9750061,352.8980103,2699800
3/23/2021,342.2399902,342.2399902,363.8699951,341.5299988,357.1199951,3335700
3/24/2021,318.4500122,318.4500122,345.1000061,317.0499878,344.0100098,3670700
3/25/2021,317.6199951,317.6199951,322.6799927,307.2600098,311.25,4151200
3/26/2021,306.8200073,306.8200073,318.7839966,292.9200134,315.6480103,5156200
3/29/2021,300.7900085,300.7900085,308.75,293.6099854,303.8200073,3522600
3/30/2021,311.9599915,311.9599915,314.8099976,296.3599854,303.70401,4278900
3/31/2021,325.769989,325.769989,329,314.0100098,316,3575600
4/1/2021,331.8999939,331.8999939,343.4200134,329.1099854,337.6700134,3507400
4/5/2021,328.2900085,328.2900085,338.0100098,322.5799866,338.0100098,2618500
4/6/2021,359.3699951,359.3699951,363.0799866,331.3999939,333.8500061,7272700
4/7/2021,361.9200134,361.9200134,367.7799988,352.0100098,355.7200012,5346700
4/8/2021,372.6799927,372.6799927,378,365.6600037,365.9500122,5598100
4/9/2021,373.6600037,373.6600037,375.9760132,363.1940002,370,3209000
4/12/2021,371.1199951,371.1199951,374.6499939,361.6900024,371.6300049,2348600
4/13/2021,387.9700012,387.9700012,389.6069946,374.8999939,376.9500122,3268900
4/14/2021,374.6600037,374.6600037,397.6900024,373.4700012,390.8280029,3490600
4/15/2021,388.6400146,388.6400146,392.75,376.25,381.1300049,2986300
4/16/2021,376.519989,376.519989,388.3900146,375.6900024,387.6099854,2674100
4/19/2021,361.1499939,361.1499939,378.7449951,354.3999939,370.2600098,2823400
4/20/2021,354.8500061,354.8500061,366.5599976,349.1900024,360.7900085,2396800
4/21/2021,356.6199951,356.6199951,356.9679871,336.269989,341.6199951,3233700
4/22/2021,350.0599976,350.0599976,367.3800049,346.6300049,354.5400085,3049000
4/23/2021,356.8699951,356.8699951,357.6000061,347.6600037,355.4599915,1920500
4/26/2021,368.6300049,368.6300049,368.980011,347.5400085,358.9899902,3774300
4/27/2021,360.6499939,360.6499939,376.5,359.5599976,371,2293800
4/28/2021,357.7399902,357.7399902,364.8399963,354.7000122,359.2999878,1443700
4/29/2021,356.7000122,356.7000122,377.5,353.1700134,370.5700073,3782000
4/30/2021,342.9700012,342.9700012,352.6499939,341.8500061,349.4100037,3081100
5/3/2021,335.3099976,335.3099976,346.3930054,332.0299988,346.3930054,2342900
5/4/2021,319.5899963,319.5899963,330.3900146,310.7099915,329.5499878,3785200
5/5/2021,304.1700134,304.1700134,328,301.8380127,327.4599915,3751600
5/6/2021,284.1799927,284.1799927,300.269989,272.4100037,298.5,10479000
5/7/2021,317,317,337.2399902,313.6900024,321.9899902,16761100
5/10/2021,301.4100037,301.4100037,316.2399902,299.1300049,309.2600098,8683000
5/11/2021,314.1199951,314.1199951,316.6300049,287.6589966,289.3999939,7499500
5/12/2021,308.0299988,308.0299988,322.6369934,305,305.5,9642400
5/13/2021,309.6000061,309.6000061,323.5,303.0299988,314.5499878,6695800
5/14/2021,315.9500122,315.9500122,317.8420105,305.5,314.1000061,3587000
5/17/2021,312.4299927,312.4299927,322.6000061,305.6499939,313.4360046,3683800
5/18/2021,325.5299988,325.5299988,332.4100037,310.4599915,314.2099915,5946700
5/19/2021,320.8399963,320.8399963,323.7000122,313.0400085,318.769989,3154100
5/20/2021,335.980011,335.980011,336.9200134,323.7000122,326.7369995,3662800
5/21/2021,330.6499939,330.6499939,339.8900146,330.4100037,338,2216200
5/24/2021,347.2200012,347.2200012,351.4299927,332.5599976,333.4549866,3463200
5/25/2021,345.7000122,345.7000122,356.7000122,344.1430054,349.4100037,2899100
5/26/2021,348.9899902,348.9899902,352.8800049,345.5,348.8800049,1848000
5/27/2021,349.0299988,349.0299988,349.7999878,342.7399902,348.2999878,2330500
5/28/2021,346.7099915,346.7099915,357.3900146,346,351,2058800
6/1/2021,347.7099915,347.7099915,352.9899902,340.5,348.9700012,2282100
6/2/2021,340.2399902,340.2399902,347.7099915,336.1600037,347.0499878,2940300
6/3/2021,323.7999878,323.7999878,336.980011,323.5,333.0100098,2750700
6/4/2021,327.1199951,327.1199951,333.1470032,325.5499878,328.5499878,2093600
6/7/2021,341.0599976,341.0599976,342.3500061,325.2950134,327.1199951,2676000
6/8/2021,340.1300049,340.1300049,345.7600098,332.8320007,345,1864500
6/9/2021,339.6400146,339.6400146,346.3099976,338.6400146,341.9100037,1953600
6/10/2021,347.8099976,347.8099976,350.4500122,339.1000061,339.6400146,2288500
6/11/2021,346.980011,346.980011,352.7399902,343.7999878,348,2361100
6/14/2021,364.8599854,364.8599854,368.6029968,347.5,348.0799866,4472300
6/15/2021,339.8800049,339.8800049,362.9899902,338.0400085,362.9899902,5900800
6/16/2021,336.6700134,336.6700134,346.1199951,327.519989,340.8900146,4420600
6/17/2021,352.2999878,352.2999878,353.3999939,333.4899902,334.0799866,3956900
6/18/2021,368.4299927,368.4299927,370.75,349.8399963,349.8399963,6206600
6/21/2021,382.730011,382.730011,385.7900085,363.1000061,365.0499878,6227000
6/22/2021,403.5,403.5,405.6799927,382,382.5899963,6686300
6/23/2021,421.7000122,421.7000122,424.3399963,406.5010071,406.5010071,8639900
6/24/2021,423.5799866,423.5799866,431.7799988,419.5499878,430.4949951,6575100
6/25/2021,430.9400024,430.9400024,431.9750061,420.2999878,426.1749878,5007400
6/28/2021,440.3299866,440.3299866,445.4500122,431.2999878,437,4472200
6/29/2021,440.480011,440.480011,444.6900024,435.8999939,441.7999878,2686500
6/30/2021,459.25,459.25,462.9899902,433.4100037,438.1099854,6376900
7/1/2021,435.6700134,435.6700134,457,433.6600037,455.9599915,5270600
7/2/2021,430.3200073,430.3200073,445.8800049,428.631012,437,3810000
7/6/2021,435.1799927,435.1799927,438.3349915,425.5599976,431.4500122,2917000
7/7/2021,419.0100098,419.0100098,442,418.5559998,439.9970093,3413900
7/8/2021,420.2799988,420.2799988,427.0759888,405.1499939,407.2550049,4035900
7/9/2021,431.6099854,431.6099854,433.7149963,412.5100098,420.0100098,3141700
7/12/2021,433.4100037,433.4100037,444.5799866,426.6300049,437.6000061,3178600
7/13/2021,427.1199951,427.1199951,439.2990112,424.5799866,435,2364700
7/14/2021,413,413,433.7850037,411.8099976,431.5230103,3026100
7/15/2021,406,406,419.230011,397.25,414.5,3345300
7/16/2021,399.9899902,399.9899902,413.7799988,397.3599854,407.6199951,2681000
7/19/2021,407.7000122,407.7000122,407.9599915,391.1799927,393.6749878,2582500
7/20/2021,417.2000122,417.2000122,420.5,398.5039978,409.0700073,2766700
7/21/2021,422.1300049,422.1300049,424.9400024,412,413.6199951,1956400
7/22/2021,420.6499939,420.6499939,430.8200073,418.5910034,423.8840027,1855900
7/23/2021,473.6499939,473.6499939,474.9700012,426.8699951,426.8699951,10787300
7/26/2021,479.5,479.5,486.3200073,468.7799988,472.1099854,6613500
7/27/2021,459.3699951,459.3699951,490.7609863,443,477.2000122,10515800
7/28/2021,468.3500061,468.3500061,474.3500061,453.0100098,467.1459961,4684600
7/29/2021,449.6000061,449.6000061,472,448.1900024,461.019989,3714600
7/30/2021,428.3099976,428.3099976,449.980011,427.3970032,441.1799927,3928300
8/2/2021,421.3699951,421.3699951,433,414.769989,432,4885500
8/3/2021,417.7999878,417.7999878,434.4899902,411.7999878,425.0100098,3488500
8/4/2021,420.3200073,420.3200073,422.2999878,413.5499878,416.019989,4155700
8/5/2021,403.480011,403.480011,410.1000061,379,382,10605500
8/6/2021,391.4700012,391.4700012,412,390.6499939,401.1499939,6706000
8/9/2021,397.730011,397.730011,405.3399963,388.8999939,394.0100098,3991100
8/10/2021,379.2600098,379.2600098,400.9500122,377.5,399.6700134,4170000
8/11/2021,369.2099915,369.2099915,379.6799927,361.9400024,377.1700134,4273600
8/12/2021,369.519989,369.519989,375.980011,365.5,370.9899902,3120800
8/13/2021,357.5899963,357.5899963,370.8699951,356.7099915,369.4100037,3112600
8/16/2021,356.5799866,356.5799866,362.9899902,344.8299866,356.8599854,4382800
8/17/2021,357.0400085,357.0400085,366.3699951,350.3999939,353.7000122,4708600
8/18/2021,344.7200012,344.7200012,358.7950134,344.5,357.7000122,3070400
8/19/2021,343.3500061,343.3500061,352,340,342.0599976,3561700
8/20/2021,351.2000122,351.2000122,351.730011,342.8099976,347.1799927,2890100
8/23/2021,358,358,361,351.75,356.4769897,3404800
8/24/2021,356.8200073,356.8200073,364.230011,352.1400146,363.0599976,2929400
8/25/2021,353.4700012,353.4700012,359.8900146,352.519989,356.3599854,2109400
8/26/2021,352,352,367.7900085,351.1900024,352.3699951,4381700
8/27/2021,357.0299988,357.0299988,359.9400024,352.8599854,355.1600037,2263800
8/30/2021,355.8999939,355.8999939,361.2000122,352.1700134,356.7399902,1978400
8/31/2021,352.3999939,352.3999939,360.6499939,350.25,356,2850200
9/1/2021,368.1000061,368.1000061,374.7399902,353,354.3999939,5909700
9/2/2021,346.4899902,346.4899902,371.3890076,346.1799927,370.3999939,6998500
9/3/2021,342.269989,342.269989,345.4500122,331,333.5450134,6882500
9/7/2021,344.6799927,344.6799927,347.7250061,338,344,2814800
9/8/2021,334.6400146,334.6400146,343.6619873,334.25,343.269989,3144000
9/9/2021,338.4599915,338.4599915,342.618988,333.9299927,334.5899963,2800300
9/10/2021,328.2999878,328.2999878,342.0400085,328,340.2099915,3389400
9/13/2021,322.8200073,322.8200073,326.6700134,314.5299988,325.75,4017500
9/14/2021,316.7600098,316.7600098,329.5299988,315.7640076,323.25,3524600
9/15/2021,318.730011,318.730011,319.5509949,311.6099854,317,2880500
9/16/2021,323.0899963,323.0899963,323.2799988,313.7099915,317.4400024,3000400
9/17/2021,324.1000061,324.1000061,325.8099976,316.9700012,323.3900146,3800500
9/20/2021,316.0100098,316.0100098,319.3299866,309.6679993,316.8359985,3275400
9/21/2021,319,319,328,318,319.8580017,3675300
9/22/2021,324.769989,324.769989,326.0400085,316.7099915,319.6040039,3006600
9/23/2021,334.519989,334.519989,339.6000061,330.0100098,339.4379883,5343700
9/24/2021,321.8900146,321.8900146,328.3900146,318.5,327,3630700
9/27/2021,321.2399902,321.2399902,321.3999939,312.8099976,320.2330017,3315400
9/28/2021,310.5700073,310.5700073,321.1700134,306.730011,317.8200073,3814800
9/29/2021,302.9200134,302.9200134,317.144989,302.1099854,312.9599915,3447000
9/30/2021,313.3500061,313.3500061,315.8599854,303.5100098,306.3399963,3806100
10/1/2021,314.4599915,314.4599915,314.6400146,306.2200012,312.322998,2807100
10/4/2021,296.8599854,296.8599854,313.4599915,293.8999939,313.3299866,4992400
10/5/2021,304.5100098,304.5100098,307.9700012,296,299.3599854,3730300
10/6/2021,321.6900024,321.6900024,322.9899902,300.6099854,301.1300049,6083800
10/7/2021,324.4700012,324.4700012,328.75,323,325.8599854,3358000
10/8/2021,323.3599854,323.3599854,327.75,320.0100098,326.4599915,2222500
10/11/2021,319.6000061,319.6000061,328.2399902,319.1900024,321.519989,1621400
10/12/2021,320,320,324.8500061,319.1400146,321.1099854,1776200
10/13/2021,329.2200012,329.2200012,329.8399963,319.5450134,321.5,2854600
10/14/2021,328.9200134,328.9200134,334.1099854,328.2099915,332,2973900
10/15/2021,324.3800049,324.3800049,330.8320007,323.7000122,329.2999878,3078200
10/18/2021,344.4599915,344.4599915,344.6700134,323.0589905,323.8500061,4557900
10/19/2021,344.4500122,344.4500122,350.6000061,339.1199951,342,4972500
10/20/2021,338.9299927,338.9299927,349.9599915,335.269989,347.6400146,3307900
10/21/2021,333.8299866,333.8299866,341.7999878,333.3599854,335.428009,2550500
10/22/2021,321.8800049,321.8800049,328.4100037,313.401001,325.769989,4133900
10/25/2021,323.1900024,323.1900024,327.0499878,315.2000122,321.9599915,2700200
10/26/2021,324.0100098,324.0100098,333.3439941,319.8500061,327.0299988,2768600
10/27/2021,316.5700073,316.5700073,327.5350037,315.8450012,325.0400085,2254400
10/28/2021,320.5599976,320.5599976,323.2200012,314.5,317.3099976,1709200
10/29/2021,304.8999939,304.8999939,321.5299988,303.6499939,318.769989,3655300
11/1/2021,317.7200012,317.7200012,318.4330139,303.5620117,306.4830017,3293100
11/2/2021,313.4100037,313.4100037,317.5,310.0400085,317.5,1927300
11/3/2021,313.6600037,313.6600037,314.6950073,307.0899963,314.230011,5500600
11/4/2021,289.3900146,289.3900146,308.8099976,285.8200073,289.8099976,12768900
11/5/2021,278.6199951,278.6199951,290.3699951,275.1400146,289.019989,5828300
11/8/2021,277.1700134,277.1700134,285.6300049,275.5499878,279.6700134,4701900
11/9/2021,279.769989,279.769989,282.6600037,275.5,277.5899963,3036700
11/10/2021,274.6000061,274.6000061,283.8800049,271.7130127,278.9500122,3506900
11/11/2021,271.7900085,271.7900085,277.9899902,271.3399963,275.8200073,2282800
11/12/2021,275.3800049,275.3800049,275.7900085,268.5799866,272.6400146,2000500
11/15/2021,274.7900085,274.7900085,279.2999878,271.019989,276.0299988,2287600
11/16/2021,276.4599915,276.4599915,276.4700012,269.2850037,274.5499878,2963300
11/17/2021,245.1100006,245.1100006,264.197998,243.1600037,264.1499939,12946600
11/18/2021,235.8500061,235.8500061,245.3000031,234.8500061,239.3800049,5798400
11/19/2021,234.1000061,234.1000061,243.6600037,233.8600006,240.5899963,4513900
11/22/2021,230.9799957,230.9799957,238.2700043,223.8500061,233.5599976,5658800
11/23/2021,226.0599976,226.0599976,233.3800049,223.3300018,231.8099976,3402200
11/24/2021,231.4499969,231.4499969,232.6699982,222.3200073,225.6799927,4213900
11/26/2021,235.1600037,235.1600037,237,228.4199982,236.6000061,2637200
11/29/2021,231.2799988,231.2799988,235.6499939,225,232.7700043,3009300
11/30/2021,227.6100006,227.6100006,235.9199982,223.2899933,233.9299927,3291000
12/1/2021,207.75,207.75,230.6909943,207.1499939,229.8070068,4376400
12/2/2021,210.2599945,210.2599945,213.8000031,204.2299957,206.7299957,3385900
12/3/2021,205.5500031,205.5500031,210.5330048,199.1399994,210.5330048,4164800
12/6/2021,210.1600037,210.1600037,210.3300018,196.9400024,201.3899994,3867300
12/7/2021,216.6000061,216.6000061,220.5399933,213.1600037,213.2799988,4242800
12/8/2021,256.0799866,256.0799866,260.9899902,233.6000061,235.9550018,24838500
12/9/2021,235.0899963,235.0899963,266.0499878,234.5899963,257.0050049,16339100
12/10/2021,229.25,229.25,245.4499969,226.3399963,240,6189800
12/13/2021,221.9199982,221.9199982,228.7920074,214.1100006,228.2899933,5540100
12/14/2021,221.5500031,221.5500031,223.7899933,211.1950073,213.6799927,3433100
12/15/2021,203.9400024,203.9400024,217.8500061,190.2299957,215.6499939,20474800
12/16/2021,219.0099945,219.0099945,220.6999969,209.5,210.3670044,12324600
12/17/2021,236.4600067,236.4600067,237.1799927,208.0700073,216.8399963,9604400
12/20/2021,228.0599976,228.0599976,238.75,226.6580048,232.2559967,5128100
12/21/2021,231.7700043,231.7700043,232.8999939,222.3300018,230.9700012,3744600
12/22/2021,226.6999969,226.6999969,234.9299927,223,231.7400055,3977300
12/23/2021,233.5200043,233.5200043,234.3200073,222.0599976,226.9499969,2983300
12/27/2021,227.9299927,227.9299927,234.3999939,226.6900024,233.6159973,3166300
12/28/2021,231.3200073,231.3200073,241,227,227.1300049,5773700
12/29/2021,224.8000031,224.8000031,230,223.2100067,229.3000031,3342900
12/30/2021,236.1999969,236.1999969,238.5,224.9299927,225,4739100
12/31/2021,228.1999969,228.1999969,241.4559937,227.5099945,236.1999969,4570400
1/3/2022,233.1900024,233.1900024,238.3549957,224.8699951,230.6300049,4095600
1/4/2022,222.8300018,222.8300018,234.2599945,215.5800018,233.5,4064500
1/5/2022,196.7100067,196.7100067,216.2400055,195.9199982,213.3300018,7863000
1/6/2022,193.8300018,193.8300018,203.5800018,190,198.8240051,5571500
1/7/2022,180.4100037,180.4100037,189.4600067,178.6100006,189.4600067,9217000
1/10/2022,182.9600067,182.9600067,183.7200012,173.5599976,177.0399933,5849800
1/11/2022,185.6999969,185.6999969,189.0899963,179.4499969,180.6459961,3779300
1/12/2022,177.4400024,177.4400024,190.5,176.6999969,188.2700043,5235700
1/13/2022,168.3000031,168.3000031,179.7100067,167.8209991,178.5599976,6312100
1/14/2022,167.4799957,167.4799957,170.3999939,159.7599945,166.272995,6402200
1/18/2022,166.8300018,166.8300018,172.25,162,166.1999969,5141800
1/19/2022,166.4900055,166.4900055,172.7200012,162.3099976,166.727005,4133500
1/20/2022,167.3600006,167.3600006,179.6799927,167.0299988,170.3000031,7804000
1/21/2022,152.1300049,152.1300049,163.5,151.5299988,160,8167300
1/24/2022,157.3200073,157.3200073,157.5200043,139.4689941,148.4499969,9857000
1/25/2022,152.1900024,152.1900024,158.1399994,147.8399963,153.5,4495700
1/26/2022,147.7200012,147.7200012,160.1999969,146.2630005,156.9570007,6742500
1/27/2022,147.8200073,147.8200073,156.4100037,146.9600067,151.8300018,4861900
1/28/2022,151.2299957,151.2299957,152.2599945,142.0330048,148.0899963,4316900
1/31/2022,164.0500031,164.0500031,164.3099976,153.1100006,153.4799957,4636500
2/1/2022,166.2599945,166.2599945,168.746994,160.1300049,168.746994,3902400
2/2/2022,156.8999939,156.8999939,166.9700012,155.6399994,166.9600067,3229000
2/3/2022,145.2799988,145.2799988,155.6000061,145.1799927,152.1000061,4514200
2/4/2022,158.7299957,158.7299957,161.2100067,146.9609985,147.7409973,5573400
2/7/2022,155.7700043,155.7700043,163.2100067,154.5200043,157.5700073,3369200
2/8/2022,155.8600006,155.8600006,157.6000061,152.5,154.1999969,2876600
2/9/2022,164.9600067,164.9600067,165.5,157.4499969,158.2400055,3966700
2/10/2022,165.6499939,165.6499939,177.9600067,163.3099976,166.3200073,7814700
2/11/2022,163.9400024,163.9400024,171.6999969,161.6600037,165,5120300
2/14/2022,159.0200043,159.0200043,167.5399933,158.802002,164.4620056,3896600
2/15/2022,168.1499939,168.1499939,168.5950012,156.6900024,162.6499939,3678000
2/16/2022,161.4499969,161.4499969,165.8399963,158.8000031,164,3710200
2/17/2022,144.7100067,144.7100067,161.5599976,143,159.2899933,18598700
2/18/2022,112.4599991,112.4599991,116,102.5999985,106.1100006,66585200
2/22/2022,121.9700012,121.9700012,128.1600037,112.0100021,113.1100006,47017400
2/23/2022,118.3499985,118.3499985,122.8899994,117.7809982,122,14294200
2/24/2022,135.1000061,135.1000061,135.8999939,112.4899979,112.6600037,16948300
2/25/2022,139.6100006,139.6100006,139.8150024,131.3000031,134.7400055,8167500
2/28/2022,139.5299988,139.5299988,141.9299927,136.5,138.2250061,9000800
3/1/2022,136.6199951,136.6199951,141.5,135.1900024,139.0299988,5700800
3/2/2022,132.6499939,132.6499939,137.2200012,125.6600037,137.1000061,7599800
3/3/2022,127.8499985,127.8499985,135.8800049,126.6380005,131.1199951,4403300
3/4/2022,121.5,121.5,129.6699982,120.2809982,127.5,5264100
3/7/2022,112.4499969,112.4499969,125.2799988,112.1600037,123.4899979,5615600
3/8/2022,113.4599991,113.4599991,117.7900009,104.6299973,111.6999969,6965900
3/9/2022,117.5500031,117.5500031,120.4199982,115.6800003,116.5699997,4568700
3/10/2022,110.8499985,110.8499985,116.9199982,107.5199966,116.9199982,5586800
3/11/2022,103.8499985,103.8499985,112.8700027,103.6699982,112.6999969,5297700
3/14/2022,100.6900024,100.6900024,105.8399963,99.23999786,102.3099976,4783800
3/15/2022,101.8300018,101.8300018,104.4400024,97.91000366,100.0100021,7157300
3/16/2022,114.9100037,114.9100037,115.0500031,103.9400024,104.5,7994800
3/17/2022,119.8799973,119.8799973,119.9599991,111.4100037,112.6900024,5000200
3/18/2022,124.8499985,124.8499985,126.2799988,117.5,119,5484800
3/21/2022,120.5100021,120.5100021,124.6900024,117.6200027,123.8000031,3783500
3/22/2022,125.5400009,125.5400009,127.7300034,118.2799988,119.5699997,4447300
3/23/2022,125.3399963,125.3399963,130.8999939,122.5,124.25,4031500
3/24/2022,127.3300018,127.3300018,127.4150009,121,126.0199966,4062700
3/25/2022,123.75,123.75,127.0400009,118.7300034,126.9100037,5010200
3/28/2022,128.3600006,128.3600006,129.8500061,122.4400024,124.6999969,4269600
3/29/2022,137.5599976,137.5599976,139.5800018,129.25,131.0899963,5956700
3/30/2022,129.9499969,129.9499969,136.6869965,128.1999969,135.1600037,5802800
3/31/2022,125.2699966,125.2699966,131.9799957,125.1399994,131.7700043,3915600
4/1/2022,125.5599976,125.5599976,128.5299988,122.9199982,126.5,4020800
4/4/2022,134.5899963,134.5899963,135.9900055,128.2200012,128.9799957,7547500
4/5/2022,127.3700027,127.3700027,134.1000061,125.4300003,133.3500061,5036500
4/6/2022,119.3300018,119.3300018,125.3700027,115,124.5,6371000
4/7/2022,117.1699982,117.1699982,121.9800034,112.5899963,119.4899979,4617100
4/8/2022,114.7399979,114.7399979,118.6500015,113.5,116.2300034,3774800
4/11/2022,115.4499969,115.4499969,117.4300003,109.8199997,112.7099991,3953700
4/12/2022,113.5800018,113.5800018,120.2399979,113.5599976,117.2300034,3709100
4/13/2022,116.4800034,116.4800034,117.6100006,111.6699982,113.2750015,2881600
4/14/2022,111.3600006,111.3600006,116.5500031,111.1999969,116.5500031,2744900
4/18/2022,107.9100037,107.9100037,111.1800003,105.5699997,110.6999969,3562500
4/19/2022,116.7799988,116.7799988,118.2900009,108.4840012,109.5,6657800
4/20/2022,109.5699997,109.5699997,114,106.3700027,108.1999969,9896700
4/21/2022,99.55000305,99.55000305,112.1200027,98.42099762,110.4000015,7198400
4/22/2022,97.08999634,97.08999634,103.25,95.23000336,100.8899994,5627600
4/25/2022,101.4100037,101.4100037,101.9000015,95.68000031,96.34999847,5868700
4/26/2022,91.76000214,91.76000214,99.55500031,91.26000214,99.05999756,6897600
4/27/2022,84.76000214,84.76000214,91.48000336,84.29000092,87.93000031,8733600
4/28/2022,91.62999725,91.62999725,92.29000092,83.72000122,86.09999847,13081100
4/29/2022,92.90000153,92.90000153,101.2900009,92.70999908,96.83999634,17813700
5/2/2022,103.1299973,103.1299973,103.25,90.36000061,92.66999817,12622300
5/3/2022,103.9499969,103.9499969,106.7399979,100.4300003,102,10537700
5/4/2022,110.0100021,110.0100021,110.5599976,98.22000122,103.9000015,8472300
5/5/2022,102.4499969,102.4499969,108.8099976,100.5699997,108.1800003,5764200
5/6/2022,96.83000183,96.83000183,102.0999985,93.31999969,102.0400009,6877100
5/9/2022,87.76999664,87.76999664,96.91000366,86.17500305,94.37000275,7669700
5/10/2022,83.87000275,83.87000275,92.51000214,78.08999634,90.54499817,9081000
5/11/2022,78.72000122,78.72000122,86.38999939,78,82.72000122,6955100
5/12/2022,87.5,87.5,90.94999695,75.12000275,78.45999908,10725200
5/13/2022,97.83999634,97.83999634,98.5,89.76999664,89.76999664,8909800
5/16/2022,93.26000214,93.26000214,101.5500031,93.05999756,96.84999847,5848500
5/17/2022,97.66000366,97.66000366,98.01999664,91.26000214,97,4986100
5/18/2022,94.83999634,94.83999634,100.5800018,94.06400299,95.91999817,5511400
5/19/2022,96.87000275,96.87000275,99.11000061,92.19999695,94.75,4788000
5/20/2022,94.19999695,94.19999695,99.47000122,89.70999908,98.98999786,5131700
5/23/2022,91.76999664,91.76999664,95.34999847,87.87000275,95.34999847,5083300
5/24/2022,79.16000366,79.16000366,85.5,75.02999878,85.33000183,14688300
5/25/2022,84.79000092,84.79000092,85.37000275,79.90000153,79.98000336,6002000
5/26/2022,88.54000092,88.54000092,89.05999756,82.70999908,83.94000244,4914800
5/27/2022,96.47000122,96.47000122,96.76499939,90.93000031,92.09500122,7533500
5/31/2022,94.90000153,94.90000153,97.65000153,92.55000305,95.36000061,4933700
6/1/2022,90.76999664,90.76999664,97.68000031,89.72000122,95.02999878,4740900
6/2/2022,95.84999847,95.84999847,98.23999786,89.81999969,90.61000061,5315800
6/3/2022,87.27999878,87.27999878,93.72000122,86.77999878,92.55000305,6503800
6/6/2022,89.52999878,89.52999878,90.72000122,86.91200256,88.37000275,5241700
6/7/2022,93.41999817,93.41999817,93.58999634,85.91000366,87.91000366,4416600
6/8/2022,101.8799973,101.8799973,105.8499985,96.36000061,97.88999939,27746000
6/9/2022,92.37000275,92.37000275,100.7399979,92.27999878,100.3399963,9817200
6/10/2022,82.70999908,82.70999908,92.15000153,82.62000275,88.77999878,8734300
6/13/2022,73.25,73.25,80.26899719,72.83000183,78.73999786,7528400
6/14/2022,74.29000092,74.29000092,77.80000305,72.62999725,76.5,7285000
6/15/2022,83,83,84.80000305,74.30000305,74.30000305,14197200
6/16/2022,78.58000183,78.58000183,81.94000244,77.23000336,79.22000122,8109800
6/17/2022,82.41999817,82.41999817,82.87999725,77.51999664,80.93000031,10714700
6/21/2022,89.08000183,89.08000183,90.20999908,84.26999664,84.31999969,8400900
6/22/2022,91.19000244,91.19000244,95.06999969,86.5019989,86.5019989,10761000
6/23/2022,96.02999878,96.02999878,97,88.87000275,91.90499878,8268400
6/24/2022,98.76999664,98.76999664,100.5899963,95.65000153,96.5,9606800
6/27/2022,94.75,94.75,101.4150009,91.83000183,100,7535800
6/28/2022,89.08999634,89.08999634,96.48999786,88.34999847,93.59999847,5555100
6/29/2022,87.11000061,87.11000061,89.08999634,85.05000305,88.69999695,5545700
6/30/2022,82.13999939,82.13999939,86.58000183,80.62999725,86.26000214,6714100
7/1/2022,83.91000366,83.91000366,86.48999786,82.14099884,82.54000092,6160300
7/5/2022,92.05999756,92.05999756,92.12999725,79.66999817,82.30000305,9151700
7/6/2022,88.52999878,88.52999878,92.91999817,87.09999847,91.70300293,6310000
7/7/2022,93.48999786,93.48999786,93.58000183,87.51999664,87.86000061,4935500
7/8/2022,94.41000366,94.41000366,97.69999695,90.15000153,90.62999725,7754600
7/11/2022,85.86000061,85.86000061,93.33000183,85.43000031,93.20999908,6320500
7/12/2022,87.55999756,87.55999756,90.23999786,85.06099701,87.19000244,6187100
7/13/2022,87.01999664,87.01999664,89.87000275,84.04000092,84.84999847,5656900
7/14/2022,82.33999634,82.33999634,87,81.65000153,86.40000153,6370700
7/15/2022,85.76999664,85.76999664,86.69999695,81.76000214,83.40000153,5614300
7/18/2022,88.22000122,88.22000122,92.25,87.34999847,88.23000336,7723100
7/19/2022,89.87000275,89.87000275,90.38999939,83.06999969,90.05000305,9195100
7/20/2022,96.08000183,96.08000183,97.90000153,90.30999756,90.97000122,10095700
7/21/2022,97.52999878,97.52999878,97.93000031,94.5,95.01000214,6454000
7/22/2022,88.83999634,88.83999634,96.37999725,85.93000031,94.95999908,11309600
7/25/2022,86.70999908,86.70999908,89.81999969,85.90000153,88.31999969,5209400
7/26/2022,79.87000275,79.87000275,82.01000214,77.81999969,82,10666400
7/27/2022,86.91999817,86.91999817,88.03500366,81.72000122,82.94999695,7977000
7/28/2022,85.16999817,85.16999817,88.48999786,83.80999756,85.66000366,14719800
7/29/2022,65.51999664,65.51999664,66.45999908,62,66.09999847,46099700
8/1/2022,71.69000244,71.69000244,72.83999634,64,64.81999969,26508600
8/2/2022,75.70999908,75.70999908,78.29000092,70.09999847,70.20500183,22348900
8/3/2022,79,79,80.54000092,73.83999634,75.38999939,15706800
8/4/2022,81.27999878,81.27999878,85.05999756,78.69999695,78.87000275,13257100
8/5/2022,82.26000214,82.26000214,83.58999634,78.31999969,79.62999725,10196900
8/8/2022,83.59999847,83.59999847,86.48999786,79.11000061,80,12852200
8/9/2022,78.09999847,78.09999847,82.75499725,76.58000183,81.63999939,9903800
8/10/2022,81.08000183,81.08000183,81.64499664,76.93000031,80.19999695,12093400
8/11/2022,80.65000153,80.65000153,89.54000092,80.55999756,82.20999908,15853300
8/12/2022,83.80999756,83.80999756,84.58300018,79.91000366,82.6760025,11120300
8/15/2022,84.37999725,84.37999725,85.58000183,82.51000214,83.44000244,9070800
8/16/2022,84.12000275,84.12000275,86.34999847,80.43199921,83.55000305,9902200
8/17/2022,78.41999817,78.41999817,82.91200256,78.12999725,82.37000275,10912100
8/18/2022,77.91000366,77.91000366,79.05000305,76.66000366,78.37000275,8965300
8/19/2022,74.15000153,74.15000153,77.14499664,73.51999664,76.37000275,8318000
8/22/2022,70.98999786,70.98999786,73.25,70.38999939,72.40000153,6817400
8/23/2022,68.84999847,68.84999847,72.13999939,68.18000031,71.15000153,8370300
8/24/2022,69.01000214,69.01000214,70.91899872,68.70999908,69.01999664,6765200
8/25/2022,73.43000031,73.43000031,73.47000122,69.19999695,69.90000153,7353200
8/26/2022,68.31999969,68.31999969,74.30999756,68.20999908,73.29000092,8022400
8/29/2022,67.01000214,67.01000214,69.93000031,66.75,67.42500305,5510300
8/30/2022,67.01000214,67.01000214,69.75,66.36000061,68.56999969,6501400
8/31/2022,68,68,72.66999817,67.59999847,68.80000305,9306100
9/1/2022,68.30000305,68.30000305,68.36000061,64.26999664,67.02999878,8760500
9/2/2022,65.98999786,65.98999786,69.05999756,65.09999847,69,8114000
9/6/2022,63.72999954,63.72999954,65.94499969,62.15000153,65.90000153,8643700
9/7/2022,65.54000092,65.54000092,65.66000366,62.58000183,63.52999878,7654500
9/8/2022,69.26999664,69.26999664,69.33000183,63.86000061,65.01000214,8519500
9/9/2022,71.55000305,71.55000305,71.98999786,70.09999847,70.15000153,6968200
9/12/2022,72.01000214,72.01000214,73.48000336,71.01100159,72,6435900
9/13/2022,68.05000305,68.05000305,69.08999634,66.87999725,68.80000305,7721600
9/14/2022,68.34999847,68.34999847,68.97000122,66.09999847,68.01000214,7294900
9/15/2022,73.80999756,73.80999756,74.98000336,67.34999847,67.58000183,18253100
9/16/2022,71.34999847,71.34999847,73.48000336,70.69999695,72.05999756,10274000
9/19/2022,73.01999664,73.01999664,73.25,70.16000366,71.44000244,7100900
9/20/2022,68.40000153,68.40000153,73.77999878,68.29000092,71.68000031,8448600
9/21/2022,65.625,65.625,69.79000092,65.52999878,68.58000183,8653500
9/22/2022,60.88999939,60.88999939,66.25,60.74000168,65.44000244,8705200
9/23/2022,59.88000107,59.88000107,62.61999893,58.59999847,60.18999863,10192500
9/26/2022,58.18000031,58.18000031,62.16999817,58.16999817,59.88000107,7166100
9/27/2022,58.88999939,58.88999939,60.84999847,57.75,59.95000076,8125200
9/28/2022,61.11000061,61.11000061,61.52999878,59.02000046,59.47000122,7723900
9/29/2022,56.77999878,56.77999878,60,55.16999817,59.54000092,10520500
9/30/2022,56.40000153,56.40000153,59.15999985,55.95000076,56.56999969,7878400
10/3/2022,59.56000137,59.56000137,59.88000107,55.68299866,57.06999969,9122900
10/4/2022,62.40000153,62.40000153,63.29999924,61,61.04999924,7398700
10/5/2022,59.70000076,59.70000076,60.92499924,57.65000153,60.63000107,8719900
10/6/2022,59.38999939,59.38999939,62.43000031,58.65000153,60.29999924,7885900
10/7/2022,55.08000183,55.08000183,57.96699905,54.79999924,57.79999924,8564000
10/10/2022,53.61000061,53.61000061,55.41999817,53.04499817,54.91999817,6114900
10/11/2022,51.70000076,51.70000076,53.34999847,50.76200104,53.06999969,7799100
10/12/2022,53.06000137,53.06000137,53.13999939,49.69499969,51.88000107,11037700
10/13/2022,51.93999863,51.93999863,52.84999847,48.53499985,50.31999969,11481500
10/14/2022,49.27999878,49.27999878,53.91999817,49.08000183,53.04999924,8361300
10/17/2022,52.56000137,52.56000137,53.59999847,50.68999863,51.47999954,9558900
10/18/2022,53.22999954,53.22999954,55.24000168,52.02999878,54.74000168,9162300
10/19/2022,51.09999847,51.09999847,54.26599884,50.88000107,53.79999924,10475100
10/20/2022,51.88000107,51.88000107,53.56999969,50.72000122,50.84999847,7518300
10/21/2022,50.15000153,50.15000153,50.65999985,48.45000076,50.45999908,10201700
10/24/2022,50.61999893,50.61999893,51.29000092,47.27000046,49.61000061,9483200
10/25/2022,55.34000015,55.34000015,55.45000076,50.88000107,51,7748700
10/26/2022,52.59999847,52.59999847,56.31999969,52.56000137,53.95000076,8036400
10/27/2022,52.27000046,52.27000046,53.57899857,51.41999817,52.90999985,4992500
10/28/2022,54.54999924,54.54999924,54.67499924,51.31999969,51.75,6374500
10/31/2022,55.54000092,55.54000092,57.25,53.84000015,56.00999832,7712700
11/1/2022,56.79000092,56.79000092,59.11999893,56.11000061,57.70999908,6446200
11/2/2022,54.31999969,54.31999969,58.29000092,54.13999939,56.27999878,15329500
11/3/2022,51.84000015,51.84000015,53.81000137,44.5,44.74499893,55794400
11/4/2022,49.59000015,49.59000015,53.59999847,47.43999863,53.40000153,17195000
11/7/2022,50.36999893,50.36999893,50.90000153,48.27000046,50.31999969,7057900
11/8/2022,51.13999939,51.13999939,52.88999939,49.34000015,50.50999832,8123300
11/9/2022,48.11000061,48.11000061,50.5,47.31000137,50.34000015,6692600
11/10/2022,55.50999832,55.50999832,55.56999969,50.86000061,52.04000092,9929300
11/11/2022,61.29999924,61.29999924,61.93999863,52.90999985,53.29000092,12304500
11/14/2022,58.52999878,58.52999878,61.34999847,58.40000153,60.40999985,7430100
11/15/2022,59.06999969,59.06999969,61.99000168,58.08000183,61.27000046,6846300
11/16/2022,56.88000107,56.88000107,58.27999878,55.47000122,58.08000183,5636800
11/17/2022,56.40999985,56.40999985,57.08000183,54.36999893,55.02000046,5043200
11/18/2022,55.65000153,55.65000153,57.79299927,54.91999817,57.75999832,3961500
11/21/2022,53.65999985,53.65999985,55.28499985,52.68999863,55.08000183,4533300
11/22/2022,54.36000061,54.36000061,54.47000122,52.42599869,53.27000046,3575200
11/23/2022,56.50999832,56.50999832,57.04000092,54.31000137,54.84999847,4273500
11/25/2022,56.08000183,56.08000183,56.41999817,55.16999817,56.11000061,1701700
11/28/2022,53.90999985,53.90999985,56.34999847,53.31000137,55.40000153,4283800
11/29/2022,54.18000031,54.18000031,55.45000076,51.12599945,51.40499878,14283000
11/30/2022,59.36999893,59.36999893,59.47000122,53.66999817,54.56000137,10260800
12/1/2022,59.77999878,59.77999878,60.5,57.81999969,59.15999985,5750800
12/2/2022,60.72999954,60.72999954,60.99000168,57.90000153,58.20999908,5065200
12/5/2022,56.41999817,56.41999817,61.33499908,55.77000046,60.52000046,5710400
12/6/2022,51.20000076,51.20000076,56.36999893,51.02000046,56.36999893,6695600
12/7/2022,51.22000122,51.22000122,52.18000031,49.65000153,50.77000046,6130400
12/8/2022,50.90999985,50.90999985,53.38999939,50.40499878,51.86999893,6330800
12/9/2022,51.74000168,51.74000168,53.74000168,50.29999924,50.95999908,6226100
12/12/2022,51.54000092,51.54000092,51.84999847,49.56000137,51.43000031,6376800
12/13/2022,52.52999878,52.52999878,58.68000031,52.16999817,54.77000046,10181100
12/14/2022,50.5,50.5,52.65999985,50.25,51.79999924,6093800
12/15/2022,46.58000183,46.58000183,49.63000107,46.36000061,48.95999908,7390200
12/16/2022,45.84999847,45.84999847,47.09000015,44.97000122,46.38000107,6484200
12/19/2022,44.5,44.5,46.02999878,43.47000122,45.54999924,6382200
12/20/2022,43,43,44.90000153,42.34999847,43.77000046,7314500
12/21/2022,42.95000076,42.95000076,44.03900146,42.41999817,43.40000153,5117100
12/22/2022,42.36000061,42.36000061,42.5,40.88000107,42.40000153,5116600
12/23/2022,41.34999847,41.34999847,42.38999939,40.83000183,41.97999954,4334900
12/27/2022,39.22999954,39.22999954,40.97000122,38.70999908,40.90499878,6119100
12/28/2022,38.79999924,38.79999924,39.88999939,38.25999832,39.16999817,4864500
12/29/2022,40.56000137,40.56000137,41.68000031,39.45000076,39.72000122,6089000
12/30/2022,40.70000076,40.70000076,40.74000168,39.04999924,39.58000183,5135000
1/3/2023,40.56000137,40.56000137,42.36999893,39,41.68000031,6203000
1/4/2023,42.34999847,42.34999847,43.27999878,39.84199905,41.43000031,8410300
1/5/2023,42.75999832,42.75999832,44.15999985,40.93000031,43.59000015,9568500
1/6/2023,43.59999847,43.59999847,44.45999908,41.29999924,42.49000168,7298600
1/9/2023,45.18999863,45.18999863,46.49000168,44.15000153,44.61999893,6636200
1/10/2023,47.11999893,47.11999893,47.31999969,44.79999924,44.93000031,4810200
1/11/2023,48.97000122,48.97000122,49,46.94499969,47.52000046,5238400
1/12/2023,49.15000153,49.15000153,49.40499878,46.31000137,48.09999847,8252700
1/13/2023,50.81999969,50.81999969,50.84000015,48.13000107,48.52999878,6694900
1/17/2023,51.02999878,51.02999878,51.22000122,49.11000061,50.11000061,4814400
1/18/2023,50.24000168,50.24000168,52.36000061,49.86000061,51.93000031,4502000
1/19/2023,49.93999863,49.93999863,50.38499832,48.77000046,49.09999847,4063200
1/20/2023,52.38999939,52.38999939,52.59000015,50.75,50.93999863,6857500
1/23/2023,54.63999939,54.63999939,55.38999939,52.04000092,52.72999954,6557500
1/24/2023,52.61000061,52.61000061,54.79000092,52.47999954,53.90999985,4855200
1/25/2023,52.15000153,52.15000153,53.29999924,49.45999908,50.36000061,12213400
1/26/2023,52.58000183,52.58000183,55.61999893,51.45000076,55.27999878,8305200
1/27/2023,56.04000092,56.04000092,56.77000046,51.95000076,52.24499893,8294000
1/30/2023,54,54,55.97100067,53.72000122,54.81000137,6754500
1/31/2023,57.5,57.5,58.36000061,54.40000153,54.65000153,11255000
2/1/2023,60.04999924,60.04999924,60.68000031,56.34000015,57.75,9855900
2/2/2023,65.47000122,65.47000122,66.86000061,62.65999985,62.65999985,10858100
2/3/2023,62.84000015,62.84000015,66.22000122,62.27000046,62.41199875,5947700
2/6/2023,62.20999908,62.20999908,63.31999969,60.81999969,61.36999893,4063500
2/7/2023,62.5,62.5,63.41999817,59.93000031,61.95000076,4809600
2/8/2023,59.09999847,59.09999847,62.15999985,58.70999908,61.25,5195400
2/9/2023,54.99000168,54.99000168,61.07699966,54.88999939,60.59000015,6597300
2/10/2023,54.90000153,54.90000153,57.59999847,54.02000046,54.29999924,6922600
2/13/2023,55.36000061,55.36000061,56.29999924,53.59999847,54.88000107,4020500
2/14/2023,56.63999939,56.63999939,56.95999908,53.63000107,54.40000153,5202100
2/15/2023,63.49000168,63.49000168,63.75099945,58.54999924,58.56000137,17825600
2/16/2023,70.56999969,70.56999969,76.62000275,68.11000061,69.12000275,43471700
2/17/2023,71.55999756,71.55999756,73.48000336,68.41999817,73.01000214,19891100
2/21/2023,65.62999725,65.62999725,70.94999695,64.76000214,69.33999634,11302200
2/22/2023,68.83999634,68.83999634,69.52999878,65.06999969,66.09999847,10008200
2/23/2023,66.79000092,66.79000092,69.90000153,64.66999817,69.65000153,8009100
2/24/2023,62.65000153,62.65000153,65.16999817,62.04999924,64.20999908,8071100
2/27/2023,62.34999847,62.34999847,63.40000153,60.11000061,63.29999924,9144300
2/28/2023,64.69000244,64.69000244,65.87000275,61.75999832,62.5,9219700
3/1/2023,63.63999939,63.63999939,64.84999847,62.34999847,63.83000183,5588200
3/2/2023,64.02999878,64.02999878,64.18000031,61.13999939,61.90000153,5616700
3/3/2023,65.62000275,65.62000275,66.12000275,63.55099869,64.33999634,5544000
3/6/2023,63.63999939,63.63999939,67.88999939,63.54999924,66.30999756,7150100
3/7/2023,62.40000153,62.40000153,65.08999634,62.36999893,63.65999985,5395700
3/8/2023,63.24000168,63.24000168,63.38999939,59.79999924,62.24000168,6676800
3/9/2023,60.52000046,60.52000046,66.41999817,60.25999832,64.25,8541200
3/10/2023,59.99000168,59.99000168,61.83000183,58.15999985,60.13999939,8647400
3/13/2023,59.54000092,59.54000092,61.04999924,54.5,57.81000137,13179200
3/14/2023,61.70999908,61.70999908,62.97999954,60.70999908,61.77500153,6349600
3/15/2023,62.34000015,62.34000015,62.66999817,59.29999924,60.56999969,6474300
3/16/2023,65.18000031,65.18000031,65.37999725,61.36999893,62.61000061,6358900
3/17/2023,64.23999786,64.23999786,65.48000336,62.56000137,65.19999695,7714500
3/20/2023,61.81999969,61.81999969,64,60.48799896,63.84999847,7906800
3/21/2023,65.91000366,65.91000366,66.16999817,61.95000076,62.41999817,6536400
3/22/2023,62.93999863,62.93999863,66.79000092,62.84999847,66.19000244,6378200
3/23/2023,63.20000076,63.20000076,66.67099762,61.65499878,63.36000061,7411700
3/24/2023,60,60,63.43999863,59.68000031,62.33300018,8080500
3/27/2023,62.81999969,62.81999969,65.87999725,61.58000183,62.56000137,19271500
3/28/2023,60.59999847,60.59999847,63.31000137,60.40000153,62.54999924,6931700
3/29/2023,63.90999985,63.90999985,64.05000305,61.09999847,61.84999847,8241100
3/30/2023,61.61999893,61.61999893,66.97000122,60.25999832,65.87999725,18822200
3/31/2023,65.81999969,65.81999969,65.94000244,60.72000122,61.88000107,14688300
4/3/2023,65.70999908,65.70999908,65.75,62.61800003,64.93000031,8476100
4/4/2023,66.12000275,66.12000275,68.34999847,64.74199677,66.40000153,11526000
4/5/2023,61.27000046,61.27000046,65.38999939,61.11999893,65.09999847,9049600
4/6/2023,64.08000183,64.08000183,64.16999817,59.45999908,60.95000076,9170100
4/10/2023,64.31999969,64.31999969,64.44999695,61.79000092,63.04000092,7988400
4/11/2023,63.97000122,63.97000122,64.98000336,62.63999939,64.31999969,5914800
4/12/2023,60.47000122,60.47000122,65.47000122,60.41999817,65.47000122,9041800
4/13/2023,63.31999969,63.31999969,64.12000275,61.09999847,61.09999847,9412100
4/14/2023,61.72000122,61.72000122,63.45999908,60.93999863,63.13000107,6017300
4/17/2023,64.47000122,64.47000122,64.52999878,61.06999969,61.52000046,7952500
4/18/2023,64.83999634,64.83999634,65.09999847,63.18000031,64.73000336,6085100
4/19/2023,61.74000168,61.74000168,63.63999939,61.58499908,63.5,6907000
4/20/2023,58.91999817,58.91999817,61.55899811,58.84999847,61,8540100
4/21/2023,58.04999924,58.04999924,60.65000153,57.72000122,59,9124700
4/24/2023,59.06000137,59.06000137,60.15000153,57.45999908,58.25,8070000
4/25/2023,57.72000122,57.72000122,60.41999817,57.31999969,59.20999908,7424900
4/26/2023,56.56000137,56.56000137,59.59999847,56.27299881,58.65999985,12005600
4/27/2023,57.00999832,57.00999832,58.84000015,53.83000183,54.81999969,15582400
4/28/2023,56.20999908,56.20999908,57.04000092,54.79999924,56.63000107,8415000
5/1/2023,56.68000031,56.68000031,57.38000107,55.50999832,56.47999954,5579400
5/2/2023,55.34999847,55.34999847,56.45999908,54.97999954,56.29999924,6164900
5/3/2023,53.50999832,53.50999832,56.20000076,53.47000122,55.33000183,6965700
5/4/2023,52.79000092,52.79000092,53.59500122,52.11000061,53.06999969,4869500
5/5/2023,54.97000122,54.97000122,55.34000015,52.97000122,53.70000076,4758500
5/8/2023,55.70999908,55.70999908,56.29999924,54.02000046,54.95999908,4447300
5/9/2023,55.41999817,55.41999817,55.85100174,54.41999817,55.11899948,3523800
5/10/2023,55.93000031,55.93000031,57.70999908,55.38000107,56.86000061,4672000
5/11/2023,56.84999847,56.84999847,57.06999969,54.68000031,56.29999924,5217800
5/12/2023,53.72999954,53.72999954,57,52.91999817,57,7599600
5/15/2023,54.02000046,54.02000046,54.84999847,52.93999863,53.70999908,4724200
5/16/2023,52.22999954,52.22999954,53.59000015,52.09999847,53.43999863,5157900
5/17/2023,52.56000137,52.56000137,53.61999893,51.61999893,52.18999863,4440200
5/18/2023,53.81000137,53.81000137,54.59999847,51.75,52.70000076,5637800
5/19/2023,52.61000061,52.61000061,54,52.52999878,53.40999985,4501700
5/22/2023,56.61999893,56.61999893,56.65000153,52.29999924,52.52999878,6564200
5/23/2023,55.88000107,55.88000107,58.65999985,55.68000031,56.25999832,6992200
5/24/2023,58.18000031,58.18000031,58.34000015,55.11999893,55.34000015,7028300
5/25/2023,54.58000183,54.58000183,58.93000031,54.43999863,58.72999954,5792500
5/26/2023,56.04999924,56.04999924,56.44800186,53.93799973,54.36000061,3875000
5/30/2023,57.72999954,57.72999954,59.16999817,56.41999817,57.49000168,4142100
5/31/2023,58.20000076,58.20000076,58.31000137,56.29999924,57.00999832,4344700
6/1/2023,58.54999924,58.54999924,59.26900101,56.47999954,58.16999817,3971400
6/2/2023,60.13999939,60.13999939,60.95000076,58.84999847,60,5139700
6/5/2023,60.91999817,60.91999817,61.66999817,59.40000153,59.43999863,5053400
6/6/2023,62.97999954,62.97999954,63.61000061,60.02000046,60.13000107,6137700
6/7/2023,68.02999878,68.02999878,72.52200317,64.75,65.18000031,23389400
6/8/2023,69.09999847,69.09999847,70.97000122,68,68.77999878,10985200
6/9/2023,69.48000336,69.48000336,74.90899658,69.19999695,70.72499847,12511700
6/12/2023,71.69999695,71.69999695,72.23000336,69.27999878,69.86000061,5987500
6/13/2023,73.58999634,73.58999634,73.95999908,71.02999878,72.91999817,6815400
6/14/2023,73.37000275,73.37000275,75.44999695,72.05999756,73.47000122,7813500
6/15/2023,71.75,71.75,72.83999634,70.44999695,72.30000305,6649900
6/16/2023,70.69000244,70.69000244,72.9260025,69.44999695,72.48000336,5789800
6/20/2023,67.95999908,67.95999908,70.76999664,67.69999695,70.16999817,5747900
6/21/2023,64.51999664,64.51999664,68.40000153,64.29000092,67.88999939,6059100
6/22/2023,63.16999817,63.16999817,64.87000275,62.84899902,64.30000305,4907100
6/23/2023,62.56999969,62.56999969,63.43000031,60.61000061,62.40000153,7457100
6/26/2023,62.93999863,62.93999863,64.19499969,61.52999878,62.47999954,4676300
6/27/2023,63.50999832,63.50999832,64.33000183,62.22999954,63.29999924,4368300
6/28/2023,65.22000122,65.22000122,65.23999786,62.50999832,63.40000153,4376800
6/29/2023,63,63,65.47000122,62.65999985,64.51999664,5538700
6/30/2023,63.95999908,63.95999908,65.80999756,63.22000122,64.48000336,6246700
7/3/2023,65.33999634,65.33999634,67.86000061,64.19999695,64.19999695,4971800
7/5/2023,65.06999969,65.06999969,65.92500305,63.75,65.02999878,4848500
7/6/2023,61.59999847,61.59999847,63.97000122,60.54999924,63.81000137,5995700
7/7/2023,62.83000183,62.83000183,64.48999786,61.84999847,61.84999847,5369700
7/10/2023,67.87000275,67.87000275,67.93000031,62.49000168,63.02999878,8227300
7/11/2023,75.43000031,75.43000031,77.36000061,68.30000305,69.22000122,19693100
7/12/2023,76.31999969,76.31999969,79.38999939,75.66999817,78.02999878,11709200
7/13/2023,76.41000366,76.41000366,77.5,75.16000366,77.36000061,6031500
7/14/2023,74.01999664,74.01999664,78.86000061,73.51999664,76.72000122,7182800
7/17/2023,75.83999634,75.83999634,76.55000305,72.86000061,74.26999664,6039800
7/18/2023,75.65000153,75.65000153,77.19000244,74.94999695,75.44999695,5579400
7/19/2023,77.30000305,77.30000305,79.18499756,75.01999664,76.66000366,7467000
7/20/2023,73.58999634,73.58999634,75.76000214,72.66999817,75.34999847,7490100
7/21/2023,73.5,73.5,75.5,73.36000061,74.52999878,7189700
7/24/2023,71.86000061,71.86000061,74.20300293,71.61000061,73.61000061,4153800
7/25/2023,70.40000153,70.40000153,72.63999939,70.37999725,71.98999786,4927200
7/26/2023,71.47000122,71.47000122,72.98999786,70,70.30000305,5801900
7/27/2023,68.19000244,68.19000244,73.80000305,67.69999695,73.52999878,14177700
7/28/2023,89.61000061,89.61000061,89.70999908,74.87999725,74.97899628,61301800
7/31/2023,96.26999664,96.26999664,96.94999695,90.98999786,91.69999695,36249500
8/1/2023,97.48999786,97.48999786,98.44000244,93.79000092,95.51000214,17923400
8/2/2023,91.25,91.25,96.34999847,90.41000366,95.18000031,12217200
8/3/2023,88.47000122,88.47000122,91.25,87.90000153,88.88999939,9213100
8/4/2023,86.34999847,86.34999847,89.15000153,85.80999756,88.58999634,7821100
8/7/2023,88.40000153,88.40000153,88.55999756,85.27999878,86.90000153,6591800
8/8/2023,86.54000092,86.54000092,87.19999695,84.41000366,86.5,6004100
8/9/2023,81.63999939,81.63999939,87.47000122,81.5,87.12000275,6802400
8/10/2023,78.83000183,78.83000183,83.5,78.80000305,82.66999817,7163300
8/11/2023,79.26000214,79.26000214,80.25,77.90599823,78.27999878,5070000
8/14/2023,82.26000214,82.26000214,82.29000092,78.27999878,78.34999847,5496900
8/15/2023,82.69000244,82.69000244,84.44000244,80.23000336,81.5,7246600
8/16/2023,80.61000061,80.61000061,82.34999847,78.66000366,82.01999664,7040400
8/17/2023,77.23000336,77.23000336,81.09999847,77.12999725,80.83000183,6443000
8/18/2023,79.30000305,79.30000305,80.81999969,75.65000153,76,7275900
8/21/2023,78.19000244,78.19000244,79.98699951,77.34999847,79.09999847,4347400
8/22/2023,78.66000366,78.66000366,79.48000336,76.30000305,78.69999695,3709000
8/23/2023,80.26999664,80.26999664,80.86000061,77.80999756,78.51999664,4393800
8/24/2023,76.15000153,76.15000153,80.9980011,75.12000275,80.37999725,6365200
8/25/2023,76.94999695,76.94999695,77.90000153,75.41999817,75.81999969,3236900
8/28/2023,76.73000336,76.73000336,77.81999969,76.05000305,77.66999817,2777300
8/29/2023,80.25,80.25,80.30999756,76.18000031,76.73000336,4602100
8/30/2023,81.01999664,81.01999664,81.19000244,78.63999939,80,4484200
8/31/2023,81.19999695,81.19999695,82.47000122,80.09999847,81.34999847,4459100
9/1/2023,81.72000122,81.72000122,82.56999969,77.80000305,81.83000183,7167500
9/5/2023,83.73000336,83.73000336,84.16000366,80.51999664,80.58000183,6551100
9/6/2023,86.19000244,86.19000244,95.83999634,83.58999634,92.88999939,31718700
9/7/2023,83.62000275,83.62000275,86.95999908,83.04000092,84.62999725,10411000
9/8/2023,83.47000122,83.47000122,86.44999695,82.09999847,83.27999878,8513700
9/11/2023,84.25,84.25,88.41999817,83.59999847,84.58000183,8180800
9/12/2023,81.30000305,81.30000305,85.76799774,81.23000336,83.66000366,7552800
9/13/2023,78.44000244,78.44000244,81.69999695,78.22000122,81.27999878,5896700
9/14/2023,77.80000305,77.80000305,79.33000183,77.44999695,79.13999939,5151500
9/15/2023,76.26000214,76.26000214,78.20999908,75.68000031,77.69999695,4929700
9/18/2023,74.38999939,74.38999939,76.01999664,74.26999664,75.87999725,4815700
9/19/2023,73.80999756,73.80999756,74.65100098,71.95999908,74.08999634,6017000
9/20/2023,71.48999786,71.48999786,74.90499878,71.45999908,74.34999847,4165800
9/21/2023,71.62999725,71.62999725,73.33000183,70,70.01000214,7962900
9/22/2023,69.26999664,69.26999664,73.19999695,69.16999817,73,5881500
9/25/2023,68.55000305,68.55000305,71.5,68.16000366,68.86000061,4967100
9/26/2023,67.87000275,67.87000275,69.20800018,67.65000153,68.30999756,4249300
9/27/2023,67.63999939,67.63999939,69.30000305,67.01000214,68.23000336,3868500
9/28/2023,68.08000183,68.08000183,68.76999664,66.66000366,68.15000153,4473900
9/29/2023,70.58999634,70.58999634,70.93000031,68.48400116,69.62000275,6354000
10/2/2023,70.5,70.5,71.98999786,69.15000153,70.20999908,4179100
10/3/2023,68.65000153,68.65000153,71.27100372,68.19999695,69.5,4571300
10/4/2023,70.16999817,70.16999817,70.44999695,67.69999695,68.83999634,4608900
10/5/2023,70.04000092,70.04000092,70.54000092,67.77999878,69.51000214,4836600
10/6/2023,71.83000183,71.83000183,72.13999939,68.22000122,68.26000214,4696300
10/9/2023,71.72000122,71.72000122,72.04000092,69.34100342,70.69000244,3386000
10/10/2023,72.93000031,72.93000031,75.44999695,72,72,4817200
10/11/2023,71.36000061,71.36000061,73.88999939,71.20999908,72.98000336,4158100
10/12/2023,67.76999664,67.76999664,71.45999908,67.61000061,71.37999725,5520800
10/13/2023,66.06999969,66.06999969,67.98999786,65.33000183,67.33000183,4774800
10/16/2023,67.15000153,67.15000153,67.91999817,65.2539978,66.33999634,4419400
10/17/2023,68.43000031,68.43000031,68.88999939,66.05000305,66.08999634,4106700
10/18/2023,62.09999847,62.09999847,66.80000305,62.02000046,66.59999847,10581600
10/19/2023,62.47999954,62.47999954,64.80000305,62.11999893,64.05000305,6142700
10/20/2023,59.79999924,59.79999924,62.63000107,59.65999985,62.40000153,5231900
10/23/2023,61.18000031,61.18000031,62.03499985,58.90000153,59.58000183,6281200
10/24/2023,61.41999817,61.41999817,63.06999969,60.61999893,61.66999817,5607700
10/25/2023,58.5,58.5,64.23999786,58.15499878,62.75,6670900
10/26/2023,56.40999985,56.40999985,58.65499878,55.68000031,58.25,6329900
10/27/2023,56.34999847,56.34999847,57.45999908,56.00899887,56.88000107,3997200
10/30/2023,56.34999847,56.34999847,57.25,55.02000046,56.88000107,4378200
10/31/2023,59.56999969,59.56999969,59.68999863,56.45999908,57.27000046,7088200
11/1/2023,59.70000076,59.70000076,59.88999939,57.31999969,59.13999939,12571200
11/2/2023,78.05000305,78.05000305,79.12000275,69.18000031,70.86000061,40334800
11/3/2023,84.75,84.75,86.08999634,79.33999634,79.44999695,28088600
11/6/2023,83.30000305,83.30000305,85.43000031,80.91999817,84.22000122,13716600
11/7/2023,83.43000031,83.43000031,85.3809967,82.43000031,83.98999786,8421000
11/8/2023,82.83999634,82.83999634,83.5,80.66999817,83.44000244,6477000
11/9/2023,81.58000183,81.58000183,86.40000153,81.16999817,83.94999695,7504700
11/10/2023,81.30999756,81.30999756,82.83999634,79.33000183,80.54000092,6839900
11/13/2023,83.97000122,83.97000122,84.50700378,79.5,80.73999786,7326400
11/14/2023,88.09999847,88.09999847,88.77999878,86.81999969,87.59999847,6963400
11/15/2023,91.09999847,91.09999847,93.19999695,87.58999634,88.58999634,8351100
11/16/2023,89.5,89.5,90.30000305,87.91000366,90.13999939,4731000
11/17/2023,92.97000122,92.97000122,93,88.08000183,89.12999725,6481300
11/20/2023,94.98999786,94.98999786,96.48000336,92.69000244,92.90000153,5939200
11/21/2023,93.59999847,93.59999847,94.31999969,91.95999908,93.76000214,4615800
11/22/2023,94.77999878,94.77999878,95.61000061,92.55000305,94.30000305,3930800
11/24/2023,94.93000031,94.93000031,96,93.87000275,94.77999878,2380600
11/27/2023,102.9800034,102.9800034,103.5699997,95.80000305,95.94999695,16319100
11/28/2023,106.8700027,106.8700027,107.0599976,102.2300034,102.4400024,12162800
11/29/2023,106.75,106.75,108.3980026,105.6500015,107.6699982,7047900
11/30/2023,104.1999969,104.1999969,107.8099976,102.3499985,107.6699982,7669700
12/1/2023,103.5400009,103.5400009,105.5500031,102.7099991,103.5899963,6253800
12/4/2023,104.4800034,104.4800034,106.6500015,101.4700012,101.8000031,5267100
12/5/2023,105.1900024,105.1900024,105.6900024,102.6299973,103.3499985,3917900
12/6/2023,102.3600006,102.3600006,106.7300034,102.0699997,106.6600037,4281700
12/7/2023,100.6800003,100.6800003,103.7099991,100.5800018,102.5,3877000
12/8/2023,103.3600006,103.3600006,104.1600037,100.1200027,101,3995100
12/11/2023,102.9700012,102.9700012,103.8099976,101.5299988,103.3600006,3249200
12/12/2023,100.9800034,100.9800034,103.5999985,100.0299988,103.3399963,3589900
12/13/2023,101.6800003,101.6800003,102.9140015,96.29000092,100.8799973,7002000
12/14/2023,102.8799973,102.8799973,108.8399963,100.9499969,103.9800034,7486700
12/15/2023,95.93000031,95.93000031,100.1800003,95.53500366,100,9164300
12/18/2023,93.48999786,93.48999786,96.27600098,93.19000244,93.30000305,6680000
12/19/2023,94.41999817,94.41999817,96.40000153,93.76999664,94.30000305,4833300
12/20/2023,89.11000061,89.11000061,93.98000336,88.71199799,93.72000122,7732200
12/21/2023,92.04000092,92.04000092,92.08000183,89.51599884,90.73000336,5068500
12/22/2023,91.33999634,91.33999634,95.37000275,90.05000305,92.90000153,8517500
12/26/2023,94.90000153,94.90000153,95.39600372,91.16999817,91.65000153,5771700
12/27/2023,94.23000336,94.23000336,96.06999969,92.63999939,95.19999695,5462800
12/28/2023,94.09999847,94.09999847,95.09999847,93.11000061,93.62999725,3780100
12/29/2023,91.66000366,91.66000366,94,91.08999634,93.65000153,4051400
